Name,Location,Latitude,Longitude,CI_cyano(CyAN),CI_cyano(S3),CI_cyano(PACE)
pin_1,Lake Erie,41.783839,-83.39573,0.002688101,0.00253656,0.001998792
pin_2,Lake Erie,41.796905,-83.369599,0.002166374,0.001811133,0.001264921
pin_3,Lake Erie,41.836102,-83.317336,0.00165422,0.001659657,0.001240499
pin_4,Lake Erie,41.823036,-83.382664,0.00165422,0.001293895,8.79E-04
pin_5,Lake Erie,41.849168,-83.343467,5.33E-04,2.29E-04,9.17E-04
pin_6,Lake Erie,41.796905,-83.408795,5.62E-04,0.002203799,0.001876963
pin_7,Lake Erie,41.744643,-83.39573,0.002837092,0.002414974,0.002306223
pin_8,Lake Erie,41.770774,-83.369599,0.004998818,0.00447753,0.005007081
pin_9,Lake Erie,41.796905,-83.343467,0.003520346,0.003500838,0.001938759
pin_10,Lake Erie,41.744643,-83.382664,0.003076206,0.002611626,0.003126263
pin_11,Lake Erie,41.757708,-83.356533,0.00486579,0.003713305,0.004936326
pin_12,Lake Erie,41.770774,-83.330402,0.010079325,0.008025368,0.006141408
pin_13,Lake Erie,41.770774,-83.30427,0.015105719,0.01441069,0.006092908
pin_14,Lake Erie,41.796905,-83.291205,0.004736301,0.003807388,0.002204927
pin_15,Lake Erie,41.809971,-83.265073,0.001164961,0.001539246,6.81E-04
pin_16,Lake Erie,41.731577,-83.356533,0.016826641,0.015372125,0.007270164
pin_17,Lake Erie,41.744643,-83.330402,0.006909321,0.005890544,0.008434254
pin_18,Lake Erie,41.744643,-83.30427,0.009048475,0.008111654,0.024599141
pin_19,Lake Erie,41.770774,-83.291205,0.010079325,0.008718825,0.010180209
pin_20,Lake Erie,41.783839,-83.265073,0.011849921,0.009524418,0.011622338
pin_21,Lake Erie,41.796905,-83.238942,0.007906886,0.005983232,0.004939432
pin_22,Lake Erie,41.718511,-83.317336,0.010354889,0.008574112,0.006639363
pin_23,Lake Erie,41.731577,-83.291205,0.021449808,0.019333664,0.025029365
pin_24,Lake Erie,41.744643,-83.278139,0.029647728,0.027133662,0.033094108
pin_25,Lake Erie,41.757708,-83.265073,0.031290997,0.061000001,0.022068283
pin_26,Lake Erie,41.770774,-83.252008,0.020878987,0.02365897,0.022905936
pin_27,Lake Erie,41.770774,-83.225877,0.022638693,0.029446179,0.020699514
pin_28,Lake Erie,41.783839,-83.199745,0.009048475,0.007505309,0.010064544
pin_29,Lake Erie,41.705446,-83.291205,0.032146476,0.024670335,0.036533106
pin_30,Lake Erie,41.718511,-83.265073,0.036787763,0.03681343,0.04732037
pin_31,Lake Erie,41.731577,-83.252008,0.036787763,0.039152585,0.033991724
pin_32,Lake Erie,41.744643,-83.238942,0.027343201,0.022205105,0.024782686
pin_33,Lake Erie,41.744643,-83.225877,0.029647728,0.020376038,0.019614452
pin_34,Lake Erie,41.757708,-83.199745,0.018743616,0.01618238,0.025385804
pin_35,Lake Erie,41.770774,-83.173614,0.024546718,0.025466166,0.024166979
pin_36,Lake Erie,41.783839,-83.173614,0.019256057,0.018404428,0.011438044
pin_37,Lake Erie,41.783839,-83.147483,0.009048475,0.010515619,0.016564332
pin_38,Lake Erie,41.69238,-83.265073,0.024546718,0.020747876,0.023101287
pin_39,Lake Erie,41.718511,-83.225877,0.025907254,0.028021982,0.02539197
pin_40,Lake Erie,41.731577,-83.199745,0.017759282,0.018179283,0.02646382
pin_41,Lake Erie,41.744643,-83.18668,0.022638693,0.019160781,0.021501407
pin_42,Lake Erie,41.757708,-83.160548,0.035808772,0.031292953,0.039515778
pin_43,Lake Erie,41.770774,-83.134417,0.016826641,0.016469819,0.015114655
pin_44,Lake Erie,41.783839,-83.121352,0.012173892,0.003872972,0.002464509
pin_45,Lake Erie,41.69238,-83.238942,0.020878987,0.017643088,0.01379029
pin_46,Lake Erie,41.705446,-83.212811,0.029647728,0.03157983,0.010711377
pin_47,Lake Erie,41.718511,-83.18668,0.029647728,0.037676748,0.025381878
pin_48,Lake Erie,41.731577,-83.160548,0.035808772,0.042493474,0.039229557
pin_49,Lake Erie,41.744643,-83.134417,0.029647728,0.028927447,0.019513521
pin_50,Lake Erie,41.757708,-83.108286,0.019782513,0.018018637,0.012118624
pin_51,Lake Erie,41.770774,-83.09522,4.07E-04,0.007812624,0.012642338
pin_52,Lake Erie,41.783839,-83.082155,0.010928823,0.011359246,0.007984372
pin_53,Lake Erie,41.679314,-83.212811,0.01250672,0.011833785,0.008343211
pin_54,Lake Erie,41.69238,-83.18668,0.015518702,0.01438483,0.023921488
pin_55,Lake Erie,41.705446,-83.160548,0.046895303,0.031037198,0.028900875
pin_56,Lake Erie,41.718511,-83.147483,0.059779931,0.061000001,0.05232057
pin_57,Lake Erie,41.718511,-83.121352,0.05513322,0.061000001,0.027086485
pin_58,Lake Erie,41.731577,-83.108286,0.00955,0.00952774,0.017528331
pin_59,Lake Erie,41.744643,-83.082155,0.015105719,0.017938396,0.01241021
pin_60,Lake Erie,41.757708,-83.056023,0.013931551,0.022463484,0.007028224
pin_61,Lake Erie,41.770774,-83.042958,0.002479153,0.003324073,0.003825326
pin_62,Lake Erie,41.783839,-83.029892,1.91E-04,0.002663953,0.002052209
pin_63,Lake Erie,41.653183,-83.18668,0.00729228,0.006029552,0.004475842
pin_64,Lake Erie,41.666249,-83.160548,0.001445518,0.006251497,0.003761427
pin_65,Lake Erie,41.679314,-83.147483,0.011849921,0.007386105,0.008343995
pin_66,Lake Erie,41.69238,-83.121352,0.00361659,0.006641248,0.005595363
pin_67,Lake Erie,41.705446,-83.108286,0.014312432,0.008890809,0.007891256
pin_68,Lake Erie,41.718511,-83.082155,0.011849921,0.009843978,0.012311471
pin_69,Lake Erie,41.731577,-83.056023,0.005876943,0.004600497,0.005877733
pin_70,Lake Erie,41.757708,-83.042958,5.78E-04,0.003773368,0.002677303
pin_71,Lake Erie,41.770774,-83.016826,0.002286448,0.001496893,0.001174431
pin_72,Lake Erie,41.653183,-83.147483,0.003921403,0.003814447,0.003176068
pin_73,Lake Erie,41.666249,-83.121352,0.004251904,0.007127395,0.003128826
pin_74,Lake Erie,41.679314,-83.09522,0.00486579,0.004668385,0.002864368
pin_75,Lake Erie,41.69238,-83.069089,1.11E-04,0.002935551,0.003079347
pin_76,Lake Erie,41.718511,-83.056023,0.001944811,0.003848539,0.004057014
pin_77,Lake Erie,41.627052,-83.108286,0.023893483,0.025933966,0.013757176
pin_78,Lake Erie,41.640117,-83.082155,0.00486579,0.004722042,0.003850379
pin_79,Lake Erie,41.627052,-83.082155,0.005876943,0.005335956,0.018389096
pin_80,Lake Erie,41.613986,-83.056023,0.025907254,0.024968354,0.012830102
pin_81,Lake Erie,41.613986,-83.042958,0.002688101,0.003434535,0.016956279
pin_82,Lake Erie,41.613986,-83.016826,0.010354889,0.005971419,0.008216994
pin_83,Lake Erie,41.613986,-83.003761,0.005720546,0.005028138,0.008216994
pin_84,Lake Erie,41.613986,-82.97763,0.010637986,0.009725639,0.016785486
pin_85,Lake Erie,41.613986,-82.951498,0.011849921,0.013241651,0.01172017
pin_86,Lake Erie,41.640117,-82.938433,0.001699446,0.003574935,0.006274011
pin_87,Lake Erie,41.666249,-82.925367,0.008807678,0.008107374,0.007881409
pin_88,Lake Erie,41.653183,-82.899236,0.011534568,0.010385899,0.009189469
pin_89,Lake Erie,41.640117,-82.912301,0.00672545,0.006043052,0.004273466
pin_90,Lake Erie,41.613986,-82.925367,0.012848647,0.012067452,0.006384659
pin_91,Lake Erie,41.600921,-82.951498,0.020323357,0.017031891,0.012297077
pin_92,Lake Erie,41.587855,-82.964564,0.01250672,0.007180012,0.007621576
pin_93,Lake Erie,41.574789,-82.990695,0.005876943,0.005133768,0.005476033
pin_94,Lake Erie,41.574789,-83.016826,0.010637986,0.009951753,0.004890046
pin_95,Lake Erie,41.587855,-83.029892,0.012173892,0.010653978,0.007276632
pin_96,Lake Erie,41.548658,-82.990695,0.015105719,0.012202755,0.004335062
pin_97,Lake Erie,41.574789,-82.951498,0.007696469,0.006511481,0.00507206
pin_98,Lake Erie,41.731577,-83.421861,0.00729228,0.006047025,0.00239741
pin_99,Lake Erie,41.757708,-83.421861,0.002108722,0.001805145,0.001886092
pin_100,Lake Erie,41.757708,-83.39573,0.004028612,0.003706245,0.003099044
pin_101,Lake Erie,41.718511,-83.382664,0.012848647,0.010209223,0.011151743
pin_102,Lake Erie,41.679314,-83.238942,0.033928249,0.028045803,0.01234405
pin_1,Lake Erie,41.786672,-83.402842,0.001944811,0.001991302,0.002075673
pin_2,Lake Erie,41.798987,-83.378214,0.001074408,0.001719072,0.00137532
pin_3,Lake Erie,41.811301,-83.353585,0.001997981,0.002226674,0.001374342
pin_4,Lake Erie,41.823615,-83.328957,6.68E-05,8.51E-04,0.001157728
pin_5,Lake Erie,41.835929,-83.304328,8.20E-04,4.67E-04,7.86E-04
pin_6,Lake Erie,41.835929,-83.267386,0.001567348,0.001834399,0.001383682
pin_7,Lake Erie,41.823615,-83.2797,0.001610198,0.002849494,0.002455621
pin_8,Lake Erie,41.811301,-83.316643,8.20E-04,0.001668419,0.001915992
pin_9,Lake Erie,41.798987,-83.328957,0.004028612,0.003731237,0.003536246
pin_10,Lake Erie,41.786672,-83.341271,0.006372259,0.007456135,0.004885998
pin_11,Lake Erie,41.774358,-83.353585,0.005275885,0.004361025,0.00941506
pin_12,Lake Erie,41.774358,-83.378214,0.004736301,0.004230927,0.002440321
pin_13,Lake Erie,41.762044,-83.390528,0.006037615,0.009857213,0.004076355
pin_14,Lake Erie,41.74973,-83.402842,0.007491647,0.004599502,0.003126996
pin_15,Lake Erie,41.737416,-83.402842,0.003921403,0.005114027,0.003690121
pin_16,Lake Erie,41.737416,-83.378214,0.010354889,0.006825524,0.004723686
pin_17,Lake Erie,41.74973,-83.353585,0.015942976,0.011063417,0.012450744
pin_18,Lake Erie,41.762044,-83.328957,0.020878987,0.022865446,0.013884144
pin_19,Lake Erie,41.774358,-83.316643,0.010637986,0.012794162,0.019832734
pin_20,Lake Erie,41.786672,-83.292014,0.009048475,0.012661325,0.007983761
pin_21,Lake Erie,41.798987,-83.267386,0.00672545,0.007750968,0.009749578
pin_22,Lake Erie,41.811301,-83.242757,0.003817047,0.002999823,0.004147788
pin_23,Lake Erie,41.823615,-83.230443,1.15E-04,0.001222738,0.002123919
pin_24,Lake Erie,41.712787,-83.378214,0.009811092,0.006461179,0.005277221
pin_25,Lake Erie,41.725101,-83.353585,0.00729228,0.005228332,0.004822394
pin_26,Lake Erie,41.737416,-83.328957,0.012173892,0.007762249,0.006823749
pin_27,Lake Erie,41.74973,-83.304328,0.052237861,0.046505086,0.026349774
pin_28,Lake Erie,41.762044,-83.292014,0.050847713,0.061000001,0.034045223
pin_29,Lake Erie,41.774358,-83.267386,0.019256057,0.024023078,0.023386013
pin_30,Lake Erie,41.786672,-83.242757,0.010354889,0.012542161,0.015545361
pin_31,Lake Erie,41.798987,-83.218129,0.005275885,0.011335124,0.008744454
pin_32,Lake Erie,41.811301,-83.1935,0.001017985,0.002208337,0.002755211
pin_33,Lake Erie,41.712787,-83.341271,0.005135483,0.007565244,0.007716298
pin_34,Lake Erie,41.725101,-83.316643,0.012173892,0.012203511,0.006345109
pin_35,Lake Erie,41.737416,-83.304328,0.044432566,0.039846417,0.016090501
pin_36,Lake Erie,41.74973,-83.292014,0.058189072,0.040721942,0.026349774
pin_37,Lake Erie,41.74973,-83.267386,0.025217813,0.023000771,0.018789453
pin_38,Lake Erie,41.762044,-83.255071,0.027343201,0.021708647,0.021916859
pin_39,Lake Erie,41.774358,-83.230443,0.015105719,0.021382364,0.023153635
pin_40,Lake Erie,41.786672,-83.205815,0.018244812,0.015128518,0.022879707
pin_41,Lake Erie,41.798987,-83.181186,0.006202681,0.007933984,0.015143015
pin_42,Lake Erie,41.712787,-83.316643,0.012173892,0.011921452,0.007716298
pin_43,Lake Erie,41.725101,-83.292014,0.014703726,0.015948873,0.009957072
pin_44,Lake Erie,41.737416,-83.267386,0.029647728,0.027672222,0.015537099
pin_45,Lake Erie,41.74973,-83.242757,0.023257624,0.017366391,0.018789453
pin_46,Lake Erie,41.762044,-83.230443,0.034855831,0.02293211,0.019034395
pin_47,Lake Erie,41.762044,-83.218129,0.025907254,0.0254138,0.019034395
pin_48,Lake Erie,41.774358,-83.1935,0.018743616,0.02257281,0.02842056
pin_49,Lake Erie,41.786672,-83.181186,0.030458283,0.026281226,0.022879707
pin_50,Lake Erie,41.798987,-83.156558,0.003715466,0.012089383,0.012470881
pin_51,Lake Erie,41.700473,-83.292014,0.009811092,0.008681178,0.005884873
pin_52,Lake Erie,41.712787,-83.2797,0.015105719,0.010070715,0.008028977
pin_53,Lake Erie,41.725101,-83.267386,0.029647728,0.018570853,0.007794403
pin_54,Lake Erie,41.725101,-83.255071,0.016826641,0.014290799,0.007794403
pin_55,Lake Erie,41.737416,-83.242757,0.019256057,0.014011655,0.011790172
pin_56,Lake Erie,41.737416,-83.230443,0.01250672,0.012055817,0.01075148
pin_57,Lake Erie,41.74973,-83.218129,0.023257624,0.019635338,0.014200962
pin_58,Lake Erie,41.762044,-83.1935,0.025217813,0.02989649,0.029847557
pin_59,Lake Erie,41.774358,-83.168872,0.027343201,0.024602622,0.02842056
pin_60,Lake Erie,41.786672,-83.144243,0.010354889,0.025076909,0.023688119
pin_61,Lake Erie,41.798987,-83.119615,0.001567348,0.00296694,0.007025816
pin_62,Lake Erie,41.700473,-83.267386,0.006202681,0.003063551,0.003182098
pin_63,Lake Erie,41.712787,-83.255071,0.008345136,0.008601561,0.004908816
pin_64,Lake Erie,41.725101,-83.230443,0.011227611,0.006746969,0.007901623
pin_65,Lake Erie,41.737416,-83.205815,0.013560802,0.012277529,0.01075148
pin_66,Lake Erie,41.74973,-83.181186,0.032146476,0.033240385,0.02653021
pin_67,Lake Erie,41.762044,-83.156558,0.040978819,0.038442187,0.027375476
pin_68,Lake Erie,41.774358,-83.131929,0.028858745,0.061000001,0.031779774
pin_69,Lake Erie,41.786672,-83.107301,0.003160308,0.003250417,0.012707944
pin_70,Lake Erie,41.688159,-83.255071,0.003921403,0.002976653,0.002621736
pin_71,Lake Erie,41.700473,-83.242757,0.004368149,0.003348924,0.003182098
pin_72,Lake Erie,41.712787,-83.218129,0.00672545,0.005195849,0.005502932
pin_73,Lake Erie,41.725101,-83.1935,0.014703726,0.012945198,0.015446055
pin_74,Lake Erie,41.737416,-83.168872,0.035808772,0.026695667,0.015446055
pin_75,Lake Erie,41.74973,-83.144243,0.031290997,0.024699846,0.020897998
pin_76,Lake Erie,41.762044,-83.107301,0.016378848,0.016015198,0.01695624
pin_77,Lake Erie,41.774358,-83.082672,0.005568311,0.004200749,0.004353645
pin_78,Lake Erie,41.786672,-83.070358,0.002413178,0.00300647,0.003248208
pin_79,Lake Erie,41.798987,-83.058044,2.87E-04,3.37E-04,0.001658086
pin_80,Lake Erie,41.811301,-83.033415,0.001485038,0.001898835,0.001264501
pin_81,Lake Erie,41.688159,-83.242757,0.003520346,0.002480802,0.002621736
pin_82,Lake Erie,41.700473,-83.218129,0.005135483,0.00273403,0.003341662
pin_83,Lake Erie,41.712787,-83.181186,0.008123056,0.004720414,0.005548935
pin_84,Lake Erie,41.725101,-83.156558,0.021449808,0.016248358,0.008865543
pin_85,Lake Erie,41.737416,-83.131929,0.017286673,0.011042067,0.014199454
pin_86,Lake Erie,41.737416,-83.107301,0.004487572,0.00716792,0.011005235
pin_87,Lake Erie,41.74973,-83.082672,0.013560802,0.016039707,0.007122029
pin_88,Lake Erie,41.762044,-83.058044,0.004368149,0.00327244,0.00653393
pin_89,Lake Erie,41.774358,-83.04573,0.002994342,0.001746729,0.001759029
pin_90,Lake Erie,41.725101,-83.119615,0.004998818,0.003406905,0.008865543
pin_91,Lake Erie,41.712787,-83.156558,0.009048475,0.00586715,0.005125965
pin_92,Lake Erie,41.712787,-83.168872,0.010079325,0.005744804,0.005548935
pin_93,Lake Erie,41.762044,-83.021101,0.003715466,0.004015128,0.002461479
pin_94,Lake Erie,41.737416,-83.033415,0.00361659,0.002186519,0.002461832
pin_95,Lake Erie,41.725101,-83.058044,0.002616564,0.00225642,0.002905661
pin_96,Lake Erie,41.737416,-83.070358,0.010637986,0.009190296,0.005411367
pin_97,Lake Erie,41.762044,-82.984159,0.001699446,0.001309214,0.001739974
pin_98,Lake Erie,41.737416,-82.996473,0.001133959,0.001263214,0.001096267
pin_99,Lake Erie,41.725101,-83.008787,0.002108722,0.001227468,0.001227626
pin_100,Lake Erie,41.725101,-83.021101,1.50E-04,9.43E-04,0.001227626
pin_101,Lake Erie,41.74973,-82.95953,7.77E-04,1.41E-04,1.69E-05
pin_102,Lake Erie,41.725101,-82.984159,2.25E-04,0.001030325,0.0010975
pin_103,Lake Erie,41.700473,-83.008787,0.001369606,0.001495185,0.001060282
pin_104,Lake Erie,41.725101,-82.947216,0.001074408,3.83E-04,3.50E-04
pin_1,Green Bay,44.553802,-88.004967,0.007696469,0.006125915,0.006828312
pin_2,Green Bay,44.566237,-87.992532,0.00672545,0.005843703,0.006619348
pin_3,Green Bay,44.578671,-87.980098,0.007906886,0.007308319,0.006985082
pin_4,Green Bay,44.591106,-87.967663,0.008345136,0.008277562,0.008335116
pin_5,Green Bay,44.60354,-87.955229,0.007491647,0.007016322,0.007005372
pin_6,Green Bay,44.615975,-87.942794,0.009048475,0.008365841,0.006373012
pin_7,Green Bay,44.628409,-87.93036,0.008123056,0.007554183,0.007460765
pin_8,Green Bay,44.640844,-87.917925,0.006909321,0.006588173,0.007059999
pin_9,Green Bay,44.653278,-87.905491,0.006037615,0.005761541,0.005741823
pin_10,Green Bay,44.553802,-87.992532,0.00672545,0.00606081,0.006378757
pin_11,Green Bay,44.566237,-87.980098,0.00729228,0.006668658,0.007221024
pin_12,Green Bay,44.578671,-87.967663,0.009295856,0.009689436,0.00927991
pin_13,Green Bay,44.591106,-87.955229,0.00729228,0.007401281,0.008335116
pin_14,Green Bay,44.60354,-87.942794,0.009048475,0.008713261,0.007005372
pin_15,Green Bay,44.615975,-87.93036,0.010354889,0.008910825,0.009282437
pin_16,Green Bay,44.628409,-87.917925,0.008345136,0.007567392,0.007636558
pin_17,Green Bay,44.640844,-87.905491,0.009048475,0.007822698,0.007446921
pin_18,Green Bay,44.653278,-87.893056,0.00361659,0.003784389,0.005311692
pin_19,Green Bay,44.541368,-87.992532,0.008807678,0.005953079,0.008020806
pin_20,Green Bay,44.553802,-87.980098,0.007906886,0.006683406,0.006378757
pin_21,Green Bay,44.566237,-87.967663,0.012173892,0.009684118,0.007221024
pin_22,Green Bay,44.578671,-87.955229,0.010637986,0.010335237,0.00927991
pin_23,Green Bay,44.591106,-87.942794,0.011534568,0.009869974,0.009329136
pin_24,Green Bay,44.60354,-87.93036,0.016378848,0.016498229,0.010899128
pin_25,Green Bay,44.615975,-87.917925,0.012173892,0.011002705,0.011003898
pin_26,Green Bay,44.628409,-87.905491,0.009295856,0.008711942,0.009110196
pin_27,Green Bay,44.640844,-87.893056,0.006372259,0.005906585,0.007381188
pin_28,Green Bay,44.653278,-87.880622,0.004998818,0.004626539,0.007381188
pin_29,Green Bay,44.653278,-87.868187,0.006202681,0.005872192,0.006739043
pin_30,Green Bay,44.640844,-87.880622,0.007098218,0.006125247,0.007350403
pin_31,Green Bay,44.628409,-87.893056,0.007906886,0.007275081,0.011614172
pin_32,Green Bay,44.615975,-87.905491,0.011849921,0.011591816,0.014199639
pin_33,Green Bay,44.60354,-87.917925,0.019256057,0.018827589,0.013061867
pin_34,Green Bay,44.591106,-87.93036,0.014312432,0.016442457,0.01318295
pin_35,Green Bay,44.578671,-87.942794,0.011849921,0.011491151,0.010059468
pin_36,Green Bay,44.566237,-87.955229,0.008345136,0.007166076,0.008809662
pin_37,Green Bay,44.553802,-87.967663,0.009295856,0.009064804,0.006987565
pin_38,Green Bay,44.541368,-87.980098,0.008345136,0.007789696,0.008020806
pin_39,Green Bay,44.553802,-87.955229,0.00955,0.009185087,0.006755873
pin_40,Green Bay,44.566237,-87.942794,0.008573288,0.007247998,0.00672156
pin_41,Green Bay,44.578671,-87.93036,0.013560802,0.012344406,0.009278799
pin_42,Green Bay,44.591106,-87.917925,0.013199923,0.013325284,0.010410219
pin_43,Green Bay,44.60354,-87.905491,0.011849921,0.010556956,0.013061867
pin_44,Green Bay,44.615975,-87.893056,0.013199923,0.012298559,0.014199639
pin_45,Green Bay,44.615975,-87.880622,0.008807678,0.007638426,0.010662527
pin_46,Green Bay,44.628409,-87.868187,0.009048475,0.007352378,0.008981137
pin_47,Green Bay,44.640844,-87.868187,0.006546473,0.00551438,0.007637859
pin_48,Green Bay,44.640844,-87.855753,0.008573288,0.009147835,0.008381758
pin_49,Green Bay,44.653278,-87.855753,0.00672545,0.006718887,0.006007268
pin_50,Green Bay,44.653278,-87.843318,0.00729228,0.006880323,0.006007268
pin_51,Green Bay,44.653278,-87.830884,0.007098218,0.006698215,0.006007702
pin_52,Green Bay,44.640844,-87.843318,0.007491647,0.004962077,0.008381758
pin_53,Green Bay,44.628409,-87.855753,0.007906886,0.00794767,0.008981137
pin_54,Green Bay,44.60354,-87.893056,0.010637986,0.010277852,0.011623259
pin_55,Green Bay,44.591106,-87.905491,0.015105719,0.013466474,0.012364079
pin_56,Green Bay,44.578671,-87.917925,0.013560802,0.012825771,0.009278799
pin_57,Green Bay,44.566237,-87.93036,0.006909321,0.006323988,0.00672156
pin_58,Green Bay,44.553802,-87.942794,0.013560802,0.012953364,0.0097713
pin_59,Green Bay,44.541368,-87.955229,0.010928823,0.010079127,0.011054428
pin_60,Green Bay,44.566237,-87.917925,0.01250672,0.011991197,0.008592316
pin_61,Green Bay,44.553802,-87.93036,0.014312432,0.013654045,0.0097713
pin_62,Green Bay,44.653278,-87.806015,0.00729228,0.006837989,0.006200956
pin_63,Green Bay,44.653278,-87.818449,0.005420127,0.004883426,0.005357645
pin_64,Green Bay,44.653278,-87.79358,0.00955,0.009180287,0.006574867
pin_65,Green Bay,44.653278,-87.781146,0.005720546,0.004394324,0.005737575
pin_66,Green Bay,44.578671,-87.992532,0.008123056,0.008220116,0.006025102
pin_67,Green Bay,44.578671,-88.004967,0.007098218,0.006676923,0.007980268
pin_68,Green Bay,44.591106,-87.992532,0.006909321,0.006625483,0.007003696
pin_69,Green Bay,44.591106,-88.004967,0.007098218,0.006585415,0.006813604
pin_70,Green Bay,44.615975,-87.955229,0.006372259,0.006095112,0.006373012
pin_71,Green Bay,44.628409,-87.942794,0.006372259,0.006522166,0.007460765
pin_72,Green Bay,44.640844,-87.93036,0.005420127,0.005759894,0.007059999
pin_73,Green Bay,44.653278,-87.917925,0.005275885,0.00411847,0.005043791
pin_1,Green Bay,44.569538,-88.000873,0.010928823,0.010511299,0.012749442
pin_2,Green Bay,44.581888,-87.988524,0.007696469,0.007594761,0.00824716
pin_3,Green Bay,44.594238,-87.976174,0.007906886,0.007967189,0.007968742
pin_4,Green Bay,44.606587,-87.963824,0.008573288,0.008397692,0.009096466
pin_5,Green Bay,44.618937,-87.951474,0.00672545,0.006678589,0.009377037
pin_6,Green Bay,44.631287,-87.939124,0.006202681,0.006189042,0.006551058
pin_7,Green Bay,44.643637,-87.926774,0.006202681,0.005817099,0.006046786
pin_8,Green Bay,44.655987,-87.914424,0.007491647,0.007079773,0.008326505
pin_9,Green Bay,44.668337,-87.902075,0.007098218,0.006412469,0.006241798
pin_10,Green Bay,44.680687,-87.889725,0.005275885,0.004906374,0.004542025
pin_11,Green Bay,44.693036,-87.877375,0.002286448,0.003219237,0.003419727
pin_12,Green Bay,44.705386,-87.865025,0.002837092,0.002195475,0.002300597
pin_13,Green Bay,44.569538,-87.988524,0.011849921,0.012027711,0.010895405
pin_14,Green Bay,44.581888,-87.976174,0.007491647,0.00843313,0.00824716
pin_15,Green Bay,44.594238,-87.963824,0.009811092,0.009212615,0.008844273
pin_16,Green Bay,44.606587,-87.951474,0.011849921,0.011450309,0.012174777
pin_17,Green Bay,44.618937,-87.939124,0.00955,0.009147485,0.009561512
pin_18,Green Bay,44.631287,-87.926774,0.007491647,0.006384055,0.006551058
pin_19,Green Bay,44.643637,-87.914424,0.006909321,0.00691744,0.0096494
pin_20,Green Bay,44.655987,-87.902075,0.007491647,0.007121416,0.007569583
pin_21,Green Bay,44.668337,-87.889725,0.004251904,0.005411251,0.006241798
pin_22,Green Bay,44.680687,-87.877375,0.004998818,0.004191729,0.004542025
pin_23,Green Bay,44.693036,-87.865025,0.003715466,0.003556949,0.003554982
pin_24,Green Bay,44.544838,-88.000873,0.014703726,0.014080036,0.014101277
pin_25,Green Bay,44.557188,-87.988524,0.011534568,0.012118761,0.014198978
pin_26,Green Bay,44.569538,-87.976174,0.011849921,0.011883125,0.010895405
pin_27,Green Bay,44.581888,-87.963824,0.007491647,0.009356108,0.009752626
pin_28,Green Bay,44.594238,-87.951474,0.008573288,0.009925546,0.010803462
pin_29,Green Bay,44.606587,-87.939124,0.011849921,0.010843963,0.012174777
pin_30,Green Bay,44.618937,-87.926774,0.009295856,0.00850566,0.009561512
pin_31,Green Bay,44.631287,-87.914424,0.010079325,0.009571151,0.010405738
pin_32,Green Bay,44.643637,-87.902075,0.008573288,0.008616311,0.008000607
pin_33,Green Bay,44.655987,-87.877375,0.006372259,0.006200703,0.006184244
pin_34,Green Bay,44.668337,-87.865025,0.004028612,0.004407054,0.005565452
pin_35,Green Bay,44.680687,-87.852675,0.003160308,0.003604822,0.004856185
pin_36,Green Bay,44.544838,-87.976174,0.015942976,0.01441302,0.013335054
pin_37,Green Bay,44.557188,-87.963824,0.013560802,0.012411509,0.015236609
pin_38,Green Bay,44.569538,-87.963824,0.009295856,0.008448909,0.009651299
pin_39,Green Bay,44.581888,-87.939124,0.010354889,0.009332404,0.009254986
pin_40,Green Bay,44.594238,-87.926774,0.010354889,0.010428588,0.00806057
pin_41,Green Bay,44.606587,-87.914424,0.008345136,0.007612709,0.006502339
pin_42,Green Bay,44.618937,-87.902075,0.010928823,0.009904359,0.010550579
pin_43,Green Bay,44.631287,-87.889725,0.007696469,0.007083137,0.007836354
pin_44,Green Bay,44.643637,-87.877375,0.006202681,0.005309928,0.005398912
pin_45,Green Bay,44.655987,-87.865025,0.00486579,0.00519075,0.006184244
pin_46,Green Bay,44.668337,-87.852675,0.004138752,0.004494939,0.005565452
pin_47,Green Bay,44.680687,-87.840325,0.002616564,0.003996735,0.004612062
pin_48,Green Bay,44.680687,-87.827975,0.003246709,0.00345167,0.004612062
pin_49,Green Bay,44.668337,-87.840325,0.004487572,0.004598521,0.005113155
pin_50,Green Bay,44.655987,-87.852675,0.00486579,0.004383625,0.005211618
pin_51,Green Bay,44.643637,-87.865025,0.005420127,0.004663603,0.005398912
pin_52,Green Bay,44.631287,-87.877375,0.006037615,0.006116977,0.005331059
pin_53,Green Bay,44.631287,-87.877375,0.006037615,0.006116977,0.005331059
pin_54,Green Bay,44.618937,-87.889725,0.007098218,0.006907224,0.006633848
pin_55,Green Bay,44.606587,-87.902075,0.00729228,0.006646802,0.006502339
pin_56,Green Bay,44.594238,-87.914424,0.008123056,0.007520075,0.00806057
pin_57,Green Bay,44.581888,-87.914424,0.009811092,0.008820595,0.009075526
pin_58,Green Bay,44.581888,-87.926774,0.00955,0.008697515,0.009075526
pin_59,Green Bay,44.569538,-87.939124,0.010928823,0.010528223,0.010833093
pin_60,Green Bay,44.557188,-87.939124,0.013560802,0.013574518,0.011150463
pin_61,Green Bay,44.557188,-87.951474,0.015518702,0.015098772,0.015236609
pin_62,Green Bay,44.544838,-87.963824,0.018244812,0.016221298,0.016840605
pin_63,Green Bay,44.544838,-87.939124,0.017759282,0.017311549,0.01258825
pin_64,Green Bay,44.557188,-87.926774,0.01250672,0.011774158,0.011150463
pin_65,Green Bay,44.569538,-87.914424,0.011227611,0.011205314,0.00982754
pin_67,Green Bay,44.618937,-87.865025,0.00486579,0.00512108,0.006448891
pin_68,Green Bay,44.631287,-87.852675,0.005135483,0.005073538,0.005033775
pin_69,Green Bay,44.643637,-87.840325,0.004487572,0.004819175,0.00463947
pin_70,Green Bay,44.655987,-87.827975,0.004138752,0.004861035,0.004533622
pin_71,Green Bay,44.680687,-87.815626,0.002761592,0.00298199,0.002987039
pin_72,Green Bay,44.668337,-87.914424,0.007098218,0.006609491,0.007215379
pin_73,Green Bay,44.655987,-87.926774,0.005876943,0.005946092,0.008326505
pin_74,Green Bay,44.655987,-87.939124,0.005275885,0.005104728,0.006183669
pin_75,Green Bay,44.680687,-87.926774,0.003246709,0.004635847,0.004982981
pin_76,Green Bay,44.680687,-87.914424,0.004736301,0.004458032,0.004982981
pin_77,Green Bay,44.618937,-87.988524,0.005876943,0.005257408,0.005801275
pin_79,Green Bay,44.594238,-88.000873,0.007696469,0.006537501,0.007976201
pin_80,Green Bay,44.631287,-87.988524,0.004251904,0.004685166,0.00360716
pin_81,Green Bay,44.655987,-87.988524,0.003715466,0.005423943,0.005372263
pin_82,Green Bay,44.680687,-87.963824,0.002761592,0.002864542,0.002155878
pin_83,Green Bay,44.693036,-87.963824,0.002994342,0.002457271,0.001938213
pin_84,Green Bay,44.693036,-87.939124,0.003076206,0.002974931,0.001570534
pin_85,Green Bay,44.705386,-87.963824,0.002994342,0.002194206,0.001870159
pin_86,Green Bay,44.705386,-87.914424,0.002994342,0.002403256,0.003145601
pin_87,Green Bay,44.557188,-88.013223,0.013199923,0.012765679,0.013929787
pin_88,Green Bay,44.557188,-88.025573,0.010079325,0.010332542,0.013929787
pin_89,Green Bay,44.655987,-87.815626,0.002688101,0.003531741,0.003084288
pin_90,Green Bay,44.618937,-87.963824,0.002348959,0.004306132,0.004933857
pin_91,Green Bay,44.606587,-87.889725,0.005568311,0.005964539,0.006176732
pin_92,Green Bay,44.631287,-87.865025,0.004998818,0.005219298,0.005331059
pin_93,Green Bay,44.643637,-87.976174,0.002994342,0.00264347,0.003266307
pin_1,Lake Clear,39.066279,-122.898196,0.003246709,0.002886877,0.003604455
pin_2,Lake Clear,39.079147,-122.885329,0.003817047,0.003430195,0.003748007
pin_3,Lake Clear,39.092015,-122.872461,0.002688101,0.002238664,0.003172365
pin_4,Lake Clear,39.104882,-122.859593,0.003426663,0.003124611,0.004121896
pin_5,Lake Clear,39.053412,-122.898196,0.002688101,0.002484037,0.003224268
pin_6,Lake Clear,39.066279,-122.885329,0.003426663,0.003123534,0.003604455
pin_7,Lake Clear,39.079147,-122.872461,0.003520346,0.003256415,0.003748007
pin_8,Lake Clear,39.092015,-122.859593,0.002914657,0.002714658,0.003172365
pin_9,Lake Clear,39.053412,-122.885329,0.00361659,0.003261486,0.003708701
pin_10,Lake Clear,39.066279,-122.872461,0.00361659,0.003367799,0.003817755
pin_11,Lake Clear,39.079147,-122.859593,0.003335472,0.002783179,0.003431405
pin_12,Lake Clear,39.092015,-122.846725,0.002837092,0.002541813,0.003292328
pin_13,Lake Clear,39.040544,-122.885329,0.002994342,0.002752806,0.003590594
pin_14,Lake Clear,39.053412,-122.872461,0.003921403,0.003590976,0.003995193
pin_15,Lake Clear,39.066279,-122.859593,0.003817047,0.00359821,0.003905892
pin_16,Lake Clear,39.079147,-122.846725,0.003076206,0.002638248,0.003353917
pin_17,Lake Clear,39.092015,-122.833858,0.002914657,0.003175324,0.00364815
pin_18,Lake Clear,39.040544,-122.872461,0.003160308,0.00309419,0.003907514
pin_19,Lake Clear,39.053412,-122.859593,0.003246709,0.002933094,0.003634366
pin_20,Lake Clear,39.066279,-122.846725,0.00361659,0.00309536,0.003982679
pin_21,Lake Clear,39.079147,-122.833858,0.004028612,0.003627955,0.003857129
pin_22,Lake Clear,39.040544,-122.859593,0.003246709,0.003002528,0.004081429
pin_23,Lake Clear,39.053412,-122.846725,0.003335472,0.003097744,0.00343442
pin_24,Lake Clear,39.066279,-122.833858,0.003817047,0.00337586,0.003905402
pin_25,Lake Clear,39.053412,-122.833858,0.003520346,0.003248102,0.00343442
pin_26,Lake Clear,39.079147,-122.898196,0.003817047,0.00373904,0.00445917
pin_28,Lake Clear,39.053412,-122.82099,0.003426663,0.00323179,0.00385075
pin_29,Lake Clear,39.040544,-122.82099,0.003520346,0.003169485,0.004378571
pin_30,Lake Clear,39.040544,-122.808122,0.00361659,0.003122547,0.004592506
pin_31,Lake Clear,39.027676,-122.795255,0.005420127,0.00467055,0.006202423
pin_32,Lake Clear,39.027676,-122.782387,0.004998818,0.004699816,0.005410388
pin_33,Lake Clear,39.014809,-122.782387,0.005568311,0.005352764,0.006285737
pin_34,Lake Clear,39.014809,-122.795255,0.005568311,0.005272223,0.006515841
pin_35,Lake Clear,39.027676,-122.82099,0.004138752,0.004221839,0.004982851
pin_36,Lake Clear,39.027676,-122.808122,0.004736301,0.004483982,0.004982851
pin_37,Lake Clear,39.040544,-122.846725,0.003335472,0.002803166,0.004081429
pin_38,Lake Clear,39.040544,-122.833858,0.002914657,0.00266624,0.003149693
pin_39,Lake Clear,39.066279,-122.82099,0.003715466,0.003276466,0.003905402
pin_40,Lake Clear,39.066279,-122.808122,0.004251904,0.004152373,0.00443874
pin_41,Lake Clear,39.053412,-122.808122,0.003921403,0.003638093,0.004515803
pin_42,Lake Clear,39.079147,-122.82099,0.004487572,0.004104084,0.004789259
pin_43,Lake Clear,39.079147,-122.808122,0.004736301,0.004403236,0.004789259
pin_45,Lake Clear,39.001941,-122.743784,0.005720546,0.005516177,0.00670505
pin_46,Lake Clear,38.989073,-122.730916,0.007906886,0.007686574,0.006997392
pin_47,Lake Clear,38.976206,-122.718049,0.014703726,0.012013187,0.011710295
pin_48,Lake Clear,38.963338,-122.692313,0.020878987,0.01992937,0.019342123
pin_49,Lake Clear,38.963338,-122.679446,0.025907254,0.025279677,0.019342123
pin_50,Lake Clear,38.95047,-122.679446,0.021449808,0.020958919,0.01763257
